"chart_period","fetched_at","country_code","status","observed_chart_period","excluded","row_count","source_url","attempts","failure_type","errors","warnings"
"2026-10-08","2026-10-10T01:28:37Z","GLOBAL","success","2026-10-08",FALSE,200,"https://kworb.net/spotify/country/global_weekly.html",1,,"",""
"2026-10-08","2026-10-10T01:28:41Z","US","success","2026-10-08",FALSE,200,"https://kworb.net/spotify/country/us_weekly.html",1,,"",""
"2026-10-08","2026-10-10T01:28:43Z","GB","success","2026-10-08",FALSE,200,"https://kworb.net/spotify/country/gb_weekly.html",1,,"",""
"2026-10-08","2026-10-10T01:28:46Z","CA","success","2026-10-08",FALSE,200,"https://kworb.net/spotify/country/ca_weekly.html",1,,"",""
"2026-10-08","2026-10-10T01:28:49Z","AU","success","2026-10-08",FALSE,200,"https://kworb.net/spotify/country/au_weekly.html",1,,"",""
"2026-10-08","2026-10-10T01:28:52Z","IE","success","2026-10-08",FALSE,200,"https://kworb.net/spotify/country/ie_weekly.html",1,,"",""
"2026-10-08","2026-10-10T01:28:55Z","NZ","success","2026-10-08",FALSE,200,"https://kworb.net/spotify/country/nz_weekly.html",1,,"",""
"2026-10-08","2026-10-10T01:28:58Z","BR","success","2026-10-08",FALSE,200,"https://kworb.net/spotify/country/br_weekly.html",1,,"",""
"2026-10-08","2026-10-10T01:29:01Z","PT","success","2026-10-08",FALSE,200,"https://kworb.net/spotify/country/pt_weekly.html",1,,"",""
"2026-10-08","2026-10-10T01:29:04Z","MX","success","2026-10-08",FALSE,200,"https://kworb.net/spotify/country/mx_weekly.html",1,,"",""
"2026-10-08","2026-10-10T01:29:07Z","AR","success","2026-10-08",FALSE,200,"https://kworb.net/spotify/country/ar_weekly.html",1,,"",""
"2026-10-08","2026-10-10T01:29:10Z","CO","success","2026-10-08",FALSE,200,"https://kworb.net/spotify/country/co_weekly.html",1,,"",""
"2026-10-08","2026-10-10T01:29:13Z","ES","success","2026-10-08",FALSE,200,"https://kworb.net/spotify/country/es_weekly.html",1,,"",""
"2026-10-08","2026-10-10T01:29:16Z","CL","success","2026-10-08",FALSE,200,"https://kworb.net/spotify/country/cl_weekly.html",1,,"",""
"2026-10-08","2026-10-10T01:29:19Z","PE","success","2026-10-08",FALSE,200,"https://kworb.net/spotify/country/pe_weekly.html",1,,"",""
"2026-10-08","2026-10-10T01:29:22Z","DE","success","2026-10-08",FALSE,200,"https://kworb.net/spotify/country/de_weekly.html",1,,"",""
"2026-10-08","2026-10-10T01:29:25Z","AT","success","2026-10-08",FALSE,200,"https://kworb.net/spotify/country/at_weekly.html",1,,"",""
"2026-10-08","2026-10-10T01:29:28Z","CH","success","2026-10-08",FALSE,200,"https://kworb.net/spotify/country/ch_weekly.html",1,,"",""
"2026-10-08","2026-10-10T01:29:30Z","FR","success","2026-10-08",FALSE,200,"https://kworb.net/spotify/country/fr_weekly.html",1,,"",""
"2026-10-08","2026-10-10T01:29:33Z","BE","success","2026-10-08",FALSE,200,"https://kworb.net/spotify/country/be_weekly.html",1,,"",""
"2026-10-08","2026-10-10T01:29:36Z","IT","success","2026-10-08",FALSE,200,"https://kworb.net/spotify/country/it_weekly.html",1,,"",""
"2026-10-08","2026-10-10T01:29:39Z","NL","success","2026-10-08",FALSE,200,"https://kworb.net/spotify/country/nl_weekly.html",1,,"",""
"2026-10-08","2026-10-10T01:29:42Z","SE","success","2026-10-08",FALSE,200,"https://kworb.net/spotify/country/se_weekly.html",1,,"",""
"2026-10-08","2026-10-10T01:29:45Z","NO","success","2026-10-08",FALSE,200,"https://kworb.net/spotify/country/no_weekly.html",1,,"",""
"2026-10-08","2026-10-10T01:29:48Z","DK","success","2026-10-08",FALSE,200,"https://kworb.net/spotify/country/dk_weekly.html",1,,"",""
"2026-10-08","2026-10-10T01:29:51Z","FI","success","2026-10-08",FALSE,200,"https://kworb.net/spotify/country/fi_weekly.html",1,,"",""
"2026-10-08","2026-10-10T01:29:54Z","PL","success","2026-10-08",FALSE,200,"https://kworb.net/spotify/country/pl_weekly.html",1,,"",""
"2026-10-08","2026-10-10T01:29:57Z","CZ","success","2026-10-08",FALSE,200,"https://kworb.net/spotify/country/cz_weekly.html",1,,"",""
"2026-10-08","2026-10-10T01:30:00Z","HU","success","2026-10-08",FALSE,200,"https://kworb.net/spotify/country/hu_weekly.html",1,,"",""
"2026-10-08","2026-10-10T01:30:03Z","RO","success","2026-10-08",FALSE,200,"https://kworb.net/spotify/country/ro_weekly.html",1,,"",""
"2026-10-08","2026-10-10T01:30:06Z","TR","success","2026-10-08",FALSE,200,"https://kworb.net/spotify/country/tr_weekly.html",1,,"",""
"2026-10-08","2026-10-10T01:30:09Z","GR","success","2026-10-08",FALSE,200,"https://kworb.net/spotify/country/gr_weekly.html",1,,"",""
"2026-10-08","2026-10-10T01:30:12Z","JP","success","2026-10-08",FALSE,200,"https://kworb.net/spotify/country/jp_weekly.html",1,,"",""
"2026-10-08","2026-10-10T01:30:15Z","KR","success","2026-10-08",FALSE,200,"https://kworb.net/spotify/country/kr_weekly.html",1,,"",""
"2026-10-08","2026-10-10T01:30:18Z","TW","success","2026-10-08",FALSE,200,"https://kworb.net/spotify/country/tw_weekly.html",1,,"",""
"2026-10-08","2026-10-10T01:30:21Z","HK","success","2026-10-08",FALSE,200,"https://kworb.net/spotify/country/hk_weekly.html",1,,"",""
"2026-10-08","2026-10-10T01:30:24Z","ID","success","2026-10-08",FALSE,200,"https://kworb.net/spotify/country/id_weekly.html",1,,"",""
"2026-10-08","2026-10-10T01:30:27Z","PH","success","2026-10-08",FALSE,200,"https://kworb.net/spotify/country/ph_weekly.html",1,,"",""
"2026-10-08","2026-10-10T01:30:30Z","TH","success","2026-10-08",FALSE,200,"https://kworb.net/spotify/country/th_weekly.html",1,,"",""
"2026-10-08","2026-10-10T01:30:33Z","VN","success","2026-10-08",FALSE,200,"https://kworb.net/spotify/country/vn_weekly.html",1,,"",""
"2026-10-08","2026-10-10T01:30:36Z","MY","success","2026-10-08",FALSE,200,"https://kworb.net/spotify/country/my_weekly.html",1,,"",""
"2026-10-08","2026-10-10T01:30:39Z","SG","success","2026-10-08",FALSE,200,"https://kworb.net/spotify/country/sg_weekly.html",1,,"",""
"2026-10-08","2026-10-10T01:30:42Z","IN","success","2026-10-08",FALSE,200,"https://kworb.net/spotify/country/in_weekly.html",1,,"",""
"2026-10-08","2026-10-10T01:30:45Z","ZA","success","2026-10-08",FALSE,200,"https://kworb.net/spotify/country/za_weekly.html",1,,"",""
"2026-10-08","2026-10-10T01:30:48Z","NG","success","2026-10-08",FALSE,200,"https://kworb.net/spotify/country/ng_weekly.html",1,,"",""
"2026-10-08","2026-10-10T01:30:51Z","AE","success","2026-10-08",FALSE,200,"https://kworb.net/spotify/country/ae_weekly.html",1,,"",""
"2026-10-08","2026-10-10T01:30:54Z","SA","success","2026-10-08",FALSE,200,"https://kworb.net/spotify/country/sa_weekly.html",1,,"",""
"2026-10-08","2026-10-10T01:30:57Z","EG","success","2026-10-08",FALSE,200,"https://kworb.net/spotify/country/eg_weekly.html",1,,"",""
"2026-10-08","2026-10-10T01:31:00Z","IL","success","2026-10-08",FALSE,200,"https://kworb.net/spotify/country/il_weekly.html",1,,"",""
"2026-10-08","2026-10-10T01:31:03Z","EC","success","2026-10-08",FALSE,200,"https://kworb.net/spotify/country/ec_weekly.html",1,,"",""
"2026-10-08","2026-10-10T01:31:06Z","UY","success","2026-10-08",FALSE,200,"https://kworb.net/spotify/country/uy_weekly.html",1,,"",""
"2026-10-08","2026-10-10T01:31:09Z","PY","success","2026-10-08",FALSE,200,"https://kworb.net/spotify/country/py_weekly.html",1,,"",""
"2026-10-08","2026-10-10T01:31:12Z","BO","success","2026-10-08",FALSE,200,"https://kworb.net/spotify/country/bo_weekly.html",1,,"",""
"2026-10-08","2026-10-10T01:31:15Z","DO","success","2026-10-08",FALSE,200,"https://kworb.net/spotify/country/do_weekly.html",1,,"",""
"2026-10-08","2026-10-10T01:31:18Z","GT","success","2026-10-08",FALSE,200,"https://kworb.net/spotify/country/gt_weekly.html",1,,"",""
"2026-10-08","2026-10-10T01:31:20Z","CR","success","2026-10-08",FALSE,200,"https://kworb.net/spotify/country/cr_weekly.html",1,,"",""
